,category_sk,category_l1_name_en,category_l2_name_en
0,olx|mea|za|16,Property,Unknown
1,olx|mea|za|16|301,Property,Rooms for rent & Shared
2,olx|mea|za|16|363,Property,Houses & Flats for rent
3,olx|mea|za|16|367,Property,Houses & Flats for sale
4,olx|mea|za|16|368,Property,"Offices, Shops & Commercial Space"
5,olx|mea|za|16|388,Property,Vacation Rentals
6,olx|mea|za|16|410,Property,Land
7,olx|mea|za|185,Hobbies & Interests,Unknown
8,olx|mea|za|185|211,Hobbies & Interests,"Toys, Games & Remote Control"
9,olx|mea|za|185|214,Hobbies & Interests,"Art, Collectibles & Rare Items"
10,olx|mea|za|185|243,Hobbies & Interests,Musical Instruments
11,olx|mea|za|185|820,Hobbies & Interests,"Books, CDs & DVDs"
12,olx|mea|za|185|911,Hobbies & Interests,Community Announcements
13,olx|mea|za|191,Services,Unknown
14,olx|mea|za|191|198,Services,Electronic Installations & Repairs
15,olx|mea|za|191|207,Services,Other Services
16,olx|mea|za|191|324,Services,Event Services
17,olx|mea|za|191|372,Services,"Babysitters, Domestic Help & Cleaning"
18,olx|mea|za|191|633,Services,Construction & Home Improvement
19,olx|mea|za|191|647,Services,Transport
20,olx|mea|za|362,Vehicles,Unknown
21,olx|mea|za|362|376,Vehicles,Boats & Aviation
22,olx|mea|za|362|377,Vehicles,Car Parts & Accessories
23,olx|mea|za|362|378,Vehicles,Cars & Bakkies
24,olx|mea|za|362|378|2002,Vehicles,Cars & Bakkies
25,olx|mea|za|362|378|2004,Vehicles,Cars & Bakkies
26,olx|mea|za|362|378|2005,Vehicles,Cars & Bakkies
27,olx|mea|za|362|378|2008,Vehicles,Cars & Bakkies
28,olx|mea|za|362|378|2009,Vehicles,Cars & Bakkies
29,olx|mea|za|362|378|2011,Vehicles,Cars & Bakkies
30,olx|mea|za|362|378|2012,Vehicles,Cars & Bakkies
31,olx|mea|za|362|378|2013,Vehicles,Cars & Bakkies
32,olx|mea|za|362|378|2014,Vehicles,Cars & Bakkies
33,olx|mea|za|362|378|2016,Vehicles,Cars & Bakkies
34,olx|mea|za|362|378|2017,Vehicles,Cars & Bakkies
35,olx|mea|za|362|378|2020,Vehicles,Cars & Bakkies
36,olx|mea|za|362|378|2023,Vehicles,Cars & Bakkies
37,olx|mea|za|362|378|2024,Vehicles,Cars & Bakkies
38,olx|mea|za|362|378|2025,Vehicles,Cars & Bakkies
39,olx|mea|za|362|378|2028,Vehicles,Cars & Bakkies
40,olx|mea|za|362|378|2029,Vehicles,Cars & Bakkies
41,olx|mea|za|362|378|2030,Vehicles,Cars & Bakkies
42,olx|mea|za|362|378|2031,Vehicles,Cars & Bakkies
43,olx|mea|za|362|378|2033,Vehicles,Cars & Bakkies
44,olx|mea|za|362|378|2034,Vehicles,Cars & Bakkies
45,olx|mea|za|362|378|2035,Vehicles,Cars & Bakkies
46,olx|mea|za|362|378|2036,Vehicles,Cars & Bakkies
47,olx|mea|za|362|378|2038,Vehicles,Cars & Bakkies
48,olx|mea|za|362|378|2039,Vehicles,Cars & Bakkies
49,olx|mea|za|362|378|2041,Vehicles,Cars & Bakkies
50,olx|mea|za|362|378|2042,Vehicles,Cars & Bakkies
51,olx|mea|za|362|378|2043,Vehicles,Cars & Bakkies
52,olx|mea|za|362|378|2044,Vehicles,Cars & Bakkies
53,olx|mea|za|362|378|2046,Vehicles,Cars & Bakkies
54,olx|mea|za|362|378|2047,Vehicles,Cars & Bakkies
55,olx|mea|za|362|378|2048,Vehicles,Cars & Bakkies
56,olx|mea|za|362|378|2050,Vehicles,Cars & Bakkies
57,olx|mea|za|362|378|2052,Vehicles,Cars & Bakkies
58,olx|mea|za|362|378|2054,Vehicles,Cars & Bakkies
59,olx|mea|za|362|378|2056,Vehicles,Cars & Bakkies
60,olx|mea|za|362|378|2057,Vehicles,Cars & Bakkies
61,olx|mea|za|362|378|2058,Vehicles,Cars & Bakkies
62,olx|mea|za|362|378|2059,Vehicles,Cars & Bakkies
63,olx|mea|za|362|378|2060,Vehicles,Cars & Bakkies
64,olx|mea|za|362|378|2065,Vehicles,Cars & Bakkies
65,olx|mea|za|362|378|2066,Vehicles,Cars & Bakkies
66,olx|mea|za|362|378|2067,Vehicles,Cars & Bakkies
67,olx|mea|za|362|378|2069,Vehicles,Cars & Bakkies
68,olx|mea|za|362|378|2070,Vehicles,Cars & Bakkies
69,olx|mea|za|362|378|2077,Vehicles,Cars & Bakkies
70,olx|mea|za|362|378|2079,Vehicles,Cars & Bakkies
71,olx|mea|za|362|378|2085,Vehicles,Cars & Bakkies
72,olx|mea|za|362|378|2088,Vehicles,Cars & Bakkies
73,olx|mea|za|362|378|2089,Vehicles,Cars & Bakkies
74,olx|mea|za|362|378|2093,Vehicles,Cars & Bakkies
75,olx|mea|za|362|378|2105,Vehicles,Cars & Bakkies
76,olx|mea|za|362|378|2106,Vehicles,Cars & Bakkies
77,olx|mea|za|362|378|2107,Vehicles,Cars & Bakkies
78,olx|mea|za|362|379,Vehicles,Motorcycles & Scooters
79,olx|mea|za|362|379|3001,Vehicles,Motorcycles & Scooters
80,olx|mea|za|362|379|3002,Vehicles,Motorcycles & Scooters
81,olx|mea|za|362|379|3003,Vehicles,Motorcycles & Scooters
82,olx|mea|za|362|379|3004,Vehicles,Motorcycles & Scooters
83,olx|mea|za|362|379|3005,Vehicles,Motorcycles & Scooters
84,olx|mea|za|362|379|3006,Vehicles,Motorcycles & Scooters
85,olx|mea|za|362|379|3007,Vehicles,Motorcycles & Scooters
86,olx|mea|za|362|379|3008,Vehicles,Motorcycles & Scooters
87,olx|mea|za|362|379|3009,Vehicles,Motorcycles & Scooters
88,olx|mea|za|362|379|3010,Vehicles,Motorcycles & Scooters
89,olx|mea|za|362|379|3011,Vehicles,Motorcycles & Scooters
90,olx|mea|za|362|379|3012,Vehicles,Motorcycles & Scooters
91,olx|mea|za|362|379|3013,Vehicles,Motorcycles & Scooters
92,olx|mea|za|362|379|3014,Vehicles,Motorcycles & Scooters
93,olx|mea|za|362|379|3015,Vehicles,Motorcycles & Scooters
94,olx|mea|za|362|379|3016,Vehicles,Motorcycles & Scooters
95,olx|mea|za|362|379|3017,Vehicles,Motorcycles & Scooters
96,olx|mea|za|362|379|3018,Vehicles,Motorcycles & Scooters
97,olx|mea|za|362|379|3019,Vehicles,Motorcycles & Scooters
98,olx|mea|za|362|379|3020,Vehicles,Motorcycles & Scooters
99,olx|mea|za|362|379|3021,Vehicles,Motorcycles & Scooters
100,olx|mea|za|362|379|3022,Vehicles,Motorcycles & Scooters
101,olx|mea|za|362|379|3023,Vehicles,Motorcycles & Scooters
102,olx|mea|za|362|379|3024,Vehicles,Motorcycles & Scooters
103,olx|mea|za|362|379|3025,Vehicles,Motorcycles & Scooters
104,olx|mea|za|362|379|3026,Vehicles,Motorcycles & Scooters
105,olx|mea|za|362|379|3027,Vehicles,Motorcycles & Scooters
106,olx|mea|za|362|379|3028,Vehicles,Motorcycles & Scooters
107,olx|mea|za|362|379|3029,Vehicles,Motorcycles & Scooters
108,olx|mea|za|362|379|3030,Vehicles,Motorcycles & Scooters
109,olx|mea|za|362|379|3031,Vehicles,Motorcycles & Scooters
110,olx|mea|za|362|379|3032,Vehicles,Motorcycles & Scooters
111,olx|mea|za|362|379|3033,Vehicles,Motorcycles & Scooters
112,olx|mea|za|362|379|3034,Vehicles,Motorcycles & Scooters
113,olx|mea|za|362|379|3035,Vehicles,Motorcycles & Scooters
114,olx|mea|za|362|379|3036,Vehicles,Motorcycles & Scooters
115,olx|mea|za|362|379|3037,Vehicles,Motorcycles & Scooters
116,olx|mea|za|362|379|3038,Vehicles,Motorcycles & Scooters
117,olx|mea|za|362|379|3039,Vehicles,Motorcycles & Scooters
118,olx|mea|za|362|379|3040,Vehicles,Motorcycles & Scooters
119,olx|mea|za|362|379|3041,Vehicles,Motorcycles & Scooters
120,olx|mea|za|362|379|3042,Vehicles,Motorcycles & Scooters
121,olx|mea|za|362|379|3043,Vehicles,Motorcycles & Scooters
122,olx|mea|za|362|379|3044,Vehicles,Motorcycles & Scooters
123,olx|mea|za|362|379|3045,Vehicles,Motorcycles & Scooters
124,olx|mea|za|362|379|3046,Vehicles,Motorcycles & Scooters
125,olx|mea|za|362|379|3047,Vehicles,Motorcycles & Scooters
126,olx|mea|za|362|379|3048,Vehicles,Motorcycles & Scooters
127,olx|mea|za|362|379|3049,Vehicles,Motorcycles & Scooters
128,olx|mea|za|362|379|3050,Vehicles,Motorcycles & Scooters
129,olx|mea|za|362|379|3051,Vehicles,Motorcycles & Scooters
130,olx|mea|za|362|379|3052,Vehicles,Motorcycles & Scooters
131,olx|mea|za|362|379|3053,Vehicles,Motorcycles & Scooters
132,olx|mea|za|362|379|3054,Vehicles,Motorcycles & Scooters
133,olx|mea|za|362|379|3055,Vehicles,Motorcycles & Scooters
134,olx|mea|za|362|379|3056,Vehicles,Motorcycles & Scooters
135,olx|mea|za|362|379|3057,Vehicles,Motorcycles & Scooters
136,olx|mea|za|362|379|3058,Vehicles,Motorcycles & Scooters
137,olx|mea|za|362|379|3059,Vehicles,Motorcycles & Scooters
138,olx|mea|za|362|379|3060,Vehicles,Motorcycles & Scooters
139,olx|mea|za|362|379|3061,Vehicles,Motorcycles & Scooters
140,olx|mea|za|362|379|3062,Vehicles,Motorcycles & Scooters
141,olx|mea|za|362|379|3063,Vehicles,Motorcycles & Scooters
142,olx|mea|za|362|379|3064,Vehicles,Motorcycles & Scooters
143,olx|mea|za|362|379|3065,Vehicles,Motorcycles & Scooters
144,olx|mea|za|362|379|3066,Vehicles,Motorcycles & Scooters
145,olx|mea|za|362|379|3067,Vehicles,Motorcycles & Scooters
146,olx|mea|za|362|379|3068,Vehicles,Motorcycles & Scooters
147,olx|mea|za|362|379|3069,Vehicles,Motorcycles & Scooters
148,olx|mea|za|362|379|3070,Vehicles,Motorcycles & Scooters
149,olx|mea|za|362|379|3071,Vehicles,Motorcycles & Scooters
150,olx|mea|za|362|379|3072,Vehicles,Motorcycles & Scooters
151,olx|mea|za|362|379|3073,Vehicles,Motorcycles & Scooters
152,olx|mea|za|362|379|3074,Vehicles,Motorcycles & Scooters
153,olx|mea|za|362|379|3075,Vehicles,Motorcycles & Scooters
154,olx|mea|za|362|379|3076,Vehicles,Motorcycles & Scooters
155,olx|mea|za|362|379|3077,Vehicles,Motorcycles & Scooters
156,olx|mea|za|362|379|3078,Vehicles,Motorcycles & Scooters
157,olx|mea|za|362|379|3079,Vehicles,Motorcycles & Scooters
158,olx|mea|za|362|379|3080,Vehicles,Motorcycles & Scooters
159,olx|mea|za|362|379|3081,Vehicles,Motorcycles & Scooters
160,olx|mea|za|362|379|3082,Vehicles,Motorcycles & Scooters
161,olx|mea|za|362|379|3083,Vehicles,Motorcycles & Scooters
162,olx|mea|za|362|379|3084,Vehicles,Motorcycles & Scooters
163,olx|mea|za|362|379|3085,Vehicles,Motorcycles & Scooters
164,olx|mea|za|362|379|3086,Vehicles,Motorcycles & Scooters
165,olx|mea|za|362|379|3087,Vehicles,Motorcycles & Scooters
166,olx|mea|za|362|379|3088,Vehicles,Motorcycles & Scooters
167,olx|mea|za|362|379|3089,Vehicles,Motorcycles & Scooters
168,olx|mea|za|362|379|3090,Vehicles,Motorcycles & Scooters
169,olx|mea|za|362|379|3091,Vehicles,Motorcycles & Scooters
170,olx|mea|za|362|379|3092,Vehicles,Motorcycles & Scooters
171,olx|mea|za|362|379|3093,Vehicles,Motorcycles & Scooters
172,olx|mea|za|362|379|3094,Vehicles,Motorcycles & Scooters
173,olx|mea|za|362|379|3095,Vehicles,Motorcycles & Scooters
174,olx|mea|za|362|379|3096,Vehicles,Motorcycles & Scooters
175,olx|mea|za|362|379|3097,Vehicles,Motorcycles & Scooters
176,olx|mea|za|362|379|3098,Vehicles,Motorcycles & Scooters
177,olx|mea|za|362|379|3099,Vehicles,Motorcycles & Scooters
178,olx|mea|za|362|379|3100,Vehicles,Motorcycles & Scooters
179,olx|mea|za|362|379|3101,Vehicles,Motorcycles & Scooters
180,olx|mea|za|362|379|3102,Vehicles,Motorcycles & Scooters
181,olx|mea|za|362|379|3103,Vehicles,Motorcycles & Scooters
182,olx|mea|za|362|379|3104,Vehicles,Motorcycles & Scooters
183,olx|mea|za|362|416,Vehicles,Trucks & Commercial Vehicles
184,olx|mea|za|362|416|4001,Vehicles,Trucks & Commercial Vehicles
185,olx|mea|za|362|416|4002,Vehicles,Trucks & Commercial Vehicles
186,olx|mea|za|362|416|4003,Vehicles,Trucks & Commercial Vehicles
187,olx|mea|za|362|416|4004,Vehicles,Trucks & Commercial Vehicles
188,olx|mea|za|362|416|4005,Vehicles,Trucks & Commercial Vehicles
189,olx|mea|za|362|416|4006,Vehicles,Trucks & Commercial Vehicles
190,olx|mea|za|362|416|4007,Vehicles,Trucks & Commercial Vehicles
191,olx|mea|za|362|416|4008,Vehicles,Trucks & Commercial Vehicles
192,olx|mea|za|362|416|4009,Vehicles,Trucks & Commercial Vehicles
193,olx|mea|za|362|416|4010,Vehicles,Trucks & Commercial Vehicles
194,olx|mea|za|362|416|4011,Vehicles,Trucks & Commercial Vehicles
195,olx|mea|za|362|416|4012,Vehicles,Trucks & Commercial Vehicles
196,olx|mea|za|362|416|4013,Vehicles,Trucks & Commercial Vehicles
197,olx|mea|za|362|416|4014,Vehicles,Trucks & Commercial Vehicles
198,olx|mea|za|362|416|4015,Vehicles,Trucks & Commercial Vehicles
199,olx|mea|za|362|416|4016,Vehicles,Trucks & Commercial Vehicles
200,olx|mea|za|362|416|4017,Vehicles,Trucks & Commercial Vehicles
201,olx|mea|za|362|416|4018,Vehicles,Trucks & Commercial Vehicles
202,olx|mea|za|362|416|4019,Vehicles,Trucks & Commercial Vehicles
203,olx|mea|za|362|416|4020,Vehicles,Trucks & Commercial Vehicles
204,olx|mea|za|362|416|4021,Vehicles,Trucks & Commercial Vehicles
205,olx|mea|za|362|416|4022,Vehicles,Trucks & Commercial Vehicles
206,olx|mea|za|362|416|4023,Vehicles,Trucks & Commercial Vehicles
207,olx|mea|za|362|416|4024,Vehicles,Trucks & Commercial Vehicles
208,olx|mea|za|362|416|4025,Vehicles,Trucks & Commercial Vehicles
209,olx|mea|za|362|416|4026,Vehicles,Trucks & Commercial Vehicles
210,olx|mea|za|362|416|4027,Vehicles,Trucks & Commercial Vehicles
211,olx|mea|za|362|416|4028,Vehicles,Trucks & Commercial Vehicles
212,olx|mea|za|362|416|4029,Vehicles,Trucks & Commercial Vehicles
213,olx|mea|za|362|416|4030,Vehicles,Trucks & Commercial Vehicles
214,olx|mea|za|362|416|4031,Vehicles,Trucks & Commercial Vehicles
215,olx|mea|za|362|416|4032,Vehicles,Trucks & Commercial Vehicles
216,olx|mea|za|362|416|4033,Vehicles,Trucks & Commercial Vehicles
217,olx|mea|za|362|416|4034,Vehicles,Trucks & Commercial Vehicles
218,olx|mea|za|362|416|4035,Vehicles,Trucks & Commercial Vehicles
219,olx|mea|za|362|416|4036,Vehicles,Trucks & Commercial Vehicles
220,olx|mea|za|362|416|4037,Vehicles,Trucks & Commercial Vehicles
221,olx|mea|za|362|416|4038,Vehicles,Trucks & Commercial Vehicles
222,olx|mea|za|362|416|4039,Vehicles,Trucks & Commercial Vehicles
223,olx|mea|za|362|416|4040,Vehicles,Trucks & Commercial Vehicles
224,olx|mea|za|362|416|4041,Vehicles,Trucks & Commercial Vehicles
225,olx|mea|za|362|416|4042,Vehicles,Trucks & Commercial Vehicles
226,olx|mea|za|362|416|4043,Vehicles,Trucks & Commercial Vehicles
227,olx|mea|za|362|416|4044,Vehicles,Trucks & Commercial Vehicles
228,olx|mea|za|362|416|4045,Vehicles,Trucks & Commercial Vehicles
229,olx|mea|za|362|416|4046,Vehicles,Trucks & Commercial Vehicles
230,olx|mea|za|362|416|4047,Vehicles,Trucks & Commercial Vehicles
231,olx|mea|za|362|416|4048,Vehicles,Trucks & Commercial Vehicles
232,olx|mea|za|362|416|4049,Vehicles,Trucks & Commercial Vehicles
233,olx|mea|za|362|416|4050,Vehicles,Trucks & Commercial Vehicles
234,olx|mea|za|362|416|4051,Vehicles,Trucks & Commercial Vehicles
235,olx|mea|za|362|416|4052,Vehicles,Trucks & Commercial Vehicles
236,olx|mea|za|362|416|4053,Vehicles,Trucks & Commercial Vehicles
237,olx|mea|za|362|416|4054,Vehicles,Trucks & Commercial Vehicles
238,olx|mea|za|362|416|4055,Vehicles,Trucks & Commercial Vehicles
239,olx|mea|za|362|416|4056,Vehicles,Trucks & Commercial Vehicles
240,olx|mea|za|362|416|4057,Vehicles,Trucks & Commercial Vehicles
241,olx|mea|za|362|416|4058,Vehicles,Trucks & Commercial Vehicles
242,olx|mea|za|362|416|4059,Vehicles,Trucks & Commercial Vehicles
243,olx|mea|za|362|416|4060,Vehicles,Trucks & Commercial Vehicles
244,olx|mea|za|362|416|4061,Vehicles,Trucks & Commercial Vehicles
245,olx|mea|za|362|416|4062,Vehicles,Trucks & Commercial Vehicles
246,olx|mea|za|362|416|4063,Vehicles,Trucks & Commercial Vehicles
247,olx|mea|za|362|416|4064,Vehicles,Trucks & Commercial Vehicles
248,olx|mea|za|362|416|4065,Vehicles,Trucks & Commercial Vehicles
249,olx|mea|za|362|416|4066,Vehicles,Trucks & Commercial Vehicles
250,olx|mea|za|362|416|4067,Vehicles,Trucks & Commercial Vehicles
251,olx|mea|za|362|416|4068,Vehicles,Trucks & Commercial Vehicles
252,olx|mea|za|362|416|4069,Vehicles,Trucks & Commercial Vehicles
253,olx|mea|za|362|416|4070,Vehicles,Trucks & Commercial Vehicles
254,olx|mea|za|362|416|4071,Vehicles,Trucks & Commercial Vehicles
255,olx|mea|za|362|416|4072,Vehicles,Trucks & Commercial Vehicles
256,olx|mea|za|362|416|4073,Vehicles,Trucks & Commercial Vehicles
257,olx|mea|za|362|416|4074,Vehicles,Trucks & Commercial Vehicles
258,olx|mea|za|362|416|4075,Vehicles,Trucks & Commercial Vehicles
259,olx|mea|za|362|416|4076,Vehicles,Trucks & Commercial Vehicles
260,olx|mea|za|362|416|4077,Vehicles,Trucks & Commercial Vehicles
261,olx|mea|za|362|416|4078,Vehicles,Trucks & Commercial Vehicles
262,olx|mea|za|362|416|4079,Vehicles,Trucks & Commercial Vehicles
263,olx|mea|za|362|416|4080,Vehicles,Trucks & Commercial Vehicles
264,olx|mea|za|362|416|4081,Vehicles,Trucks & Commercial Vehicles
265,olx|mea|za|362|416|4082,Vehicles,Trucks & Commercial Vehicles
266,olx|mea|za|362|416|4083,Vehicles,Trucks & Commercial Vehicles
267,olx|mea|za|362|416|4084,Vehicles,Trucks & Commercial Vehicles
268,olx|mea|za|362|416|4085,Vehicles,Trucks & Commercial Vehicles
269,olx|mea|za|362|416|4086,Vehicles,Trucks & Commercial Vehicles
270,olx|mea|za|362|416|4087,Vehicles,Trucks & Commercial Vehicles
271,olx|mea|za|362|416|4088,Vehicles,Trucks & Commercial Vehicles
272,olx|mea|za|362|416|4089,Vehicles,Trucks & Commercial Vehicles
273,olx|mea|za|362|416|4090,Vehicles,Trucks & Commercial Vehicles
274,olx|mea|za|362|416|4091,Vehicles,Trucks & Commercial Vehicles
275,olx|mea|za|362|416|4092,Vehicles,Trucks & Commercial Vehicles
276,olx|mea|za|362|416|4093,Vehicles,Trucks & Commercial Vehicles
277,olx|mea|za|362|416|4094,Vehicles,Trucks & Commercial Vehicles
278,olx|mea|za|362|416|4095,Vehicles,Trucks & Commercial Vehicles
279,olx|mea|za|362|416|4096,Vehicles,Trucks & Commercial Vehicles
280,olx|mea|za|362|416|4097,Vehicles,Trucks & Commercial Vehicles
281,olx|mea|za|362|416|4098,Vehicles,Trucks & Commercial Vehicles
282,olx|mea|za|362|416|4099,Vehicles,Trucks & Commercial Vehicles
283,olx|mea|za|362|416|4100,Vehicles,Trucks & Commercial Vehicles
284,olx|mea|za|362|416|4101,Vehicles,Trucks & Commercial Vehicles
285,olx|mea|za|362|416|4102,Vehicles,Trucks & Commercial Vehicles
286,olx|mea|za|362|416|4103,Vehicles,Trucks & Commercial Vehicles
287,olx|mea|za|362|416|4104,Vehicles,Trucks & Commercial Vehicles
288,olx|mea|za|362|416|4105,Vehicles,Trucks & Commercial Vehicles
289,olx|mea|za|362|416|4106,Vehicles,Trucks & Commercial Vehicles
290,olx|mea|za|362|416|4107,Vehicles,Trucks & Commercial Vehicles
291,olx|mea|za|362|416|4108,Vehicles,Trucks & Commercial Vehicles
292,olx|mea|za|362|416|4109,Vehicles,Trucks & Commercial Vehicles
293,olx|mea|za|362|416|4110,Vehicles,Trucks & Commercial Vehicles
294,olx|mea|za|362|416|4111,Vehicles,Trucks & Commercial Vehicles
295,olx|mea|za|362|416|4112,Vehicles,Trucks & Commercial Vehicles
296,olx|mea|za|362|416|4113,Vehicles,Trucks & Commercial Vehicles
297,olx|mea|za|362|416|4114,Vehicles,Trucks & Commercial Vehicles
298,olx|mea|za|362|416|4115,Vehicles,Trucks & Commercial Vehicles
299,olx|mea|za|362|416|4116,Vehicles,Trucks & Commercial Vehicles
300,olx|mea|za|362|416|4117,Vehicles,Trucks & Commercial Vehicles
301,olx|mea|za|362|416|4118,Vehicles,Trucks & Commercial Vehicles
302,olx|mea|za|362|416|4119,Vehicles,Trucks & Commercial Vehicles
303,olx|mea|za|362|416|4120,Vehicles,Trucks & Commercial Vehicles
304,olx|mea|za|362|416|4121,Vehicles,Trucks & Commercial Vehicles
305,olx|mea|za|362|416|4122,Vehicles,Trucks & Commercial Vehicles
306,olx|mea|za|362|416|4123,Vehicles,Trucks & Commercial Vehicles
307,olx|mea|za|362|416|4124,Vehicles,Trucks & Commercial Vehicles
308,olx|mea|za|362|416|4125,Vehicles,Trucks & Commercial Vehicles
309,olx|mea|za|362|416|4126,Vehicles,Trucks & Commercial Vehicles
310,olx|mea|za|362|416|4127,Vehicles,Trucks & Commercial Vehicles
311,olx|mea|za|362|416|4128,Vehicles,Trucks & Commercial Vehicles
312,olx|mea|za|362|416|4129,Vehicles,Trucks & Commercial Vehicles
313,olx|mea|za|362|416|4130,Vehicles,Trucks & Commercial Vehicles
314,olx|mea|za|362|416|4131,Vehicles,Trucks & Commercial Vehicles
315,olx|mea|za|362|416|4132,Vehicles,Trucks & Commercial Vehicles
316,olx|mea|za|362|416|4133,Vehicles,Trucks & Commercial Vehicles
317,olx|mea|za|362|416|4134,Vehicles,Trucks & Commercial Vehicles
318,olx|mea|za|362|416|4135,Vehicles,Trucks & Commercial Vehicles
319,olx|mea|za|362|416|4136,Vehicles,Trucks & Commercial Vehicles
320,olx|mea|za|362|416|4137,Vehicles,Trucks & Commercial Vehicles
321,olx|mea|za|362|416|4138,Vehicles,Trucks & Commercial Vehicles
322,olx|mea|za|362|416|4139,Vehicles,Trucks & Commercial Vehicles
323,olx|mea|za|362|416|4140,Vehicles,Trucks & Commercial Vehicles
324,olx|mea|za|362|416|4141,Vehicles,Trucks & Commercial Vehicles
325,olx|mea|za|362|416|4142,Vehicles,Trucks & Commercial Vehicles
326,olx|mea|za|362|416|4143,Vehicles,Trucks & Commercial Vehicles
327,olx|mea|za|362|416|4144,Vehicles,Trucks & Commercial Vehicles
328,olx|mea|za|362|416|4145,Vehicles,Trucks & Commercial Vehicles
329,olx|mea|za|362|416|4146,Vehicles,Trucks & Commercial Vehicles
330,olx|mea|za|362|416|4147,Vehicles,Trucks & Commercial Vehicles
331,olx|mea|za|362|416|4148,Vehicles,Trucks & Commercial Vehicles
332,olx|mea|za|362|416|4149,Vehicles,Trucks & Commercial Vehicles
333,olx|mea|za|362|416|4150,Vehicles,Trucks & Commercial Vehicles
334,olx|mea|za|362|416|4151,Vehicles,Trucks & Commercial Vehicles
335,olx|mea|za|362|416|4152,Vehicles,Trucks & Commercial Vehicles
336,olx|mea|za|362|416|4153,Vehicles,Trucks & Commercial Vehicles
337,olx|mea|za|362|416|4154,Vehicles,Trucks & Commercial Vehicles
338,olx|mea|za|362|416|4155,Vehicles,Trucks & Commercial Vehicles
339,olx|mea|za|362|416|4156,Vehicles,Trucks & Commercial Vehicles
340,olx|mea|za|362|416|4157,Vehicles,Trucks & Commercial Vehicles
341,olx|mea|za|362|416|4158,Vehicles,Trucks & Commercial Vehicles
342,olx|mea|za|362|416|4159,Vehicles,Trucks & Commercial Vehicles
343,olx|mea|za|362|416|4160,Vehicles,Trucks & Commercial Vehicles
344,olx|mea|za|362|416|4161,Vehicles,Trucks & Commercial Vehicles
345,olx|mea|za|362|416|4162,Vehicles,Trucks & Commercial Vehicles
346,olx|mea|za|362|416|4163,Vehicles,Trucks & Commercial Vehicles
347,olx|mea|za|362|416|4164,Vehicles,Trucks & Commercial Vehicles
348,olx|mea|za|362|416|4165,Vehicles,Trucks & Commercial Vehicles
349,olx|mea|za|362|416|4166,Vehicles,Trucks & Commercial Vehicles
350,olx|mea|za|362|416|4167,Vehicles,Trucks & Commercial Vehicles
351,olx|mea|za|362|416|4168,Vehicles,Trucks & Commercial Vehicles
352,olx|mea|za|362|416|4169,Vehicles,Trucks & Commercial Vehicles
353,olx|mea|za|362|416|4170,Vehicles,Trucks & Commercial Vehicles
354,olx|mea|za|362|416|4171,Vehicles,Trucks & Commercial Vehicles
355,olx|mea|za|362|416|4172,Vehicles,Trucks & Commercial Vehicles
356,olx|mea|za|362|416|4173,Vehicles,Trucks & Commercial Vehicles
357,olx|mea|za|362|416|4174,Vehicles,Trucks & Commercial Vehicles
358,olx|mea|za|362|416|4175,Vehicles,Trucks & Commercial Vehicles
359,olx|mea|za|362|416|4176,Vehicles,Trucks & Commercial Vehicles
360,olx|mea|za|362|416|4177,Vehicles,Trucks & Commercial Vehicles
361,olx|mea|za|362|416|4178,Vehicles,Trucks & Commercial Vehicles
362,olx|mea|za|362|416|4179,Vehicles,Trucks & Commercial Vehicles
363,olx|mea|za|362|416|4180,Vehicles,Trucks & Commercial Vehicles
364,olx|mea|za|362|416|4181,Vehicles,Trucks & Commercial Vehicles
365,olx|mea|za|362|416|4182,Vehicles,Trucks & Commercial Vehicles
366,olx|mea|za|362|416|4183,Vehicles,Trucks & Commercial Vehicles
367,olx|mea|za|362|416|4184,Vehicles,Trucks & Commercial Vehicles
368,olx|mea|za|362|416|4185,Vehicles,Trucks & Commercial Vehicles
369,olx|mea|za|362|416|4186,Vehicles,Trucks & Commercial Vehicles
370,olx|mea|za|362|416|4187,Vehicles,Trucks & Commercial Vehicles
371,olx|mea|za|362|416|4188,Vehicles,Trucks & Commercial Vehicles
372,olx|mea|za|362|416|4189,Vehicles,Trucks & Commercial Vehicles
373,olx|mea|za|362|416|4190,Vehicles,Trucks & Commercial Vehicles
374,olx|mea|za|362|416|4191,Vehicles,Trucks & Commercial Vehicles
375,olx|mea|za|362|416|4192,Vehicles,Trucks & Commercial Vehicles
376,olx|mea|za|362|416|4193,Vehicles,Trucks & Commercial Vehicles
377,olx|mea|za|362|416|4194,Vehicles,Trucks & Commercial Vehicles
378,olx|mea|za|362|416|4195,Vehicles,Trucks & Commercial Vehicles
379,olx|mea|za|362|416|4196,Vehicles,Trucks & Commercial Vehicles
380,olx|mea|za|362|416|4197,Vehicles,Trucks & Commercial Vehicles
381,olx|mea|za|362|416|4198,Vehicles,Trucks & Commercial Vehicles
382,olx|mea|za|362|416|4199,Vehicles,Trucks & Commercial Vehicles
383,olx|mea|za|362|416|4200,Vehicles,Trucks & Commercial Vehicles
384,olx|mea|za|362|416|4201,Vehicles,Trucks & Commercial Vehicles
385,olx|mea|za|362|416|4202,Vehicles,Trucks & Commercial Vehicles
386,olx|mea|za|362|416|4203,Vehicles,Trucks & Commercial Vehicles
387,olx|mea|za|362|416|4204,Vehicles,Trucks & Commercial Vehicles
388,olx|mea|za|362|416|4205,Vehicles,Trucks & Commercial Vehicles
389,olx|mea|za|362|416|4206,Vehicles,Trucks & Commercial Vehicles
390,olx|mea|za|362|416|4207,Vehicles,Trucks & Commercial Vehicles
391,olx|mea|za|362|416|4208,Vehicles,Trucks & Commercial Vehicles
392,olx|mea|za|362|416|4209,Vehicles,Trucks & Commercial Vehicles
393,olx|mea|za|362|416|4210,Vehicles,Trucks & Commercial Vehicles
394,olx|mea|za|362|416|4211,Vehicles,Trucks & Commercial Vehicles
395,olx|mea|za|362|416|4212,Vehicles,Trucks & Commercial Vehicles
396,olx|mea|za|362|416|4213,Vehicles,Trucks & Commercial Vehicles
397,olx|mea|za|362|416|4214,Vehicles,Trucks & Commercial Vehicles
398,olx|mea|za|362|416|4215,Vehicles,Trucks & Commercial Vehicles
399,olx|mea|za|362|416|4216,Vehicles,Trucks & Commercial Vehicles
400,olx|mea|za|362|416|4217,Vehicles,Trucks & Commercial Vehicles
401,olx|mea|za|362|416|4218,Vehicles,Trucks & Commercial Vehicles
402,olx|mea|za|362|416|4219,Vehicles,Trucks & Commercial Vehicles
403,olx|mea|za|362|416|4220,Vehicles,Trucks & Commercial Vehicles
404,olx|mea|za|362|416|4221,Vehicles,Trucks & Commercial Vehicles
405,olx|mea|za|362|416|4222,Vehicles,Trucks & Commercial Vehicles
406,olx|mea|za|362|416|4223,Vehicles,Trucks & Commercial Vehicles
407,olx|mea|za|362|416|4224,Vehicles,Trucks & Commercial Vehicles
408,olx|mea|za|362|416|4225,Vehicles,Trucks & Commercial Vehicles
409,olx|mea|za|362|416|4226,Vehicles,Trucks & Commercial Vehicles
410,olx|mea|za|362|416|4227,Vehicles,Trucks & Commercial Vehicles
411,olx|mea|za|362|416|4228,Vehicles,Trucks & Commercial Vehicles
412,olx|mea|za|362|416|4229,Vehicles,Trucks & Commercial Vehicles
413,olx|mea|za|362|416|4230,Vehicles,Trucks & Commercial Vehicles
414,olx|mea|za|362|416|4231,Vehicles,Trucks & Commercial Vehicles
415,olx|mea|za|362|416|4232,Vehicles,Trucks & Commercial Vehicles
416,olx|mea|za|362|416|4233,Vehicles,Trucks & Commercial Vehicles
417,olx|mea|za|362|416|4234,Vehicles,Trucks & Commercial Vehicles
418,olx|mea|za|362|416|4235,Vehicles,Trucks & Commercial Vehicles
419,olx|mea|za|362|416|4236,Vehicles,Trucks & Commercial Vehicles
420,olx|mea|za|362|416|4237,Vehicles,Trucks & Commercial Vehicles
421,olx|mea|za|362|416|4238,Vehicles,Trucks & Commercial Vehicles
422,olx|mea|za|362|416|4239,Vehicles,Trucks & Commercial Vehicles
423,olx|mea|za|362|416|4240,Vehicles,Trucks & Commercial Vehicles
424,olx|mea|za|362|416|4241,Vehicles,Trucks & Commercial Vehicles
425,olx|mea|za|362|416|4242,Vehicles,Trucks & Commercial Vehicles
426,olx|mea|za|362|416|4243,Vehicles,Trucks & Commercial Vehicles
427,olx|mea|za|362|416|4244,Vehicles,Trucks & Commercial Vehicles
428,olx|mea|za|362|416|4245,Vehicles,Trucks & Commercial Vehicles
429,olx|mea|za|362|416|4246,Vehicles,Trucks & Commercial Vehicles
430,olx|mea|za|362|416|4247,Vehicles,Trucks & Commercial Vehicles
431,olx|mea|za|362|416|4248,Vehicles,Trucks & Commercial Vehicles
432,olx|mea|za|362|416|4249,Vehicles,Trucks & Commercial Vehicles
433,olx|mea|za|362|416|4250,Vehicles,Trucks & Commercial Vehicles
434,olx|mea|za|362|416|4251,Vehicles,Trucks & Commercial Vehicles
435,olx|mea|za|362|416|4252,Vehicles,Trucks & Commercial Vehicles
436,olx|mea|za|362|416|4253,Vehicles,Trucks & Commercial Vehicles
437,olx|mea|za|362|416|4254,Vehicles,Trucks & Commercial Vehicles
438,olx|mea|za|362|416|4255,Vehicles,Trucks & Commercial Vehicles
439,olx|mea|za|362|416|4256,Vehicles,Trucks & Commercial Vehicles
440,olx|mea|za|362|416|4257,Vehicles,Trucks & Commercial Vehicles
441,olx|mea|za|362|416|4258,Vehicles,Trucks & Commercial Vehicles
442,olx|mea|za|362|416|4259,Vehicles,Trucks & Commercial Vehicles
443,olx|mea|za|362|416|4260,Vehicles,Trucks & Commercial Vehicles
444,olx|mea|za|362|416|4261,Vehicles,Trucks & Commercial Vehicles
445,olx|mea|za|362|416|4262,Vehicles,Trucks & Commercial Vehicles
446,olx|mea|za|362|416|4263,Vehicles,Trucks & Commercial Vehicles
447,olx|mea|za|362|416|4264,Vehicles,Trucks & Commercial Vehicles
448,olx|mea|za|362|416|4265,Vehicles,Trucks & Commercial Vehicles
449,olx|mea|za|362|416|4266,Vehicles,Trucks & Commercial Vehicles
450,olx|mea|za|362|416|4267,Vehicles,Trucks & Commercial Vehicles
451,olx|mea|za|362|416|4268,Vehicles,Trucks & Commercial Vehicles
452,olx|mea|za|362|416|4269,Vehicles,Trucks & Commercial Vehicles
453,olx|mea|za|362|416|4270,Vehicles,Trucks & Commercial Vehicles
454,olx|mea|za|362|416|4271,Vehicles,Trucks & Commercial Vehicles
455,olx|mea|za|362|416|4272,Vehicles,Trucks & Commercial Vehicles
456,olx|mea|za|362|416|4273,Vehicles,Trucks & Commercial Vehicles
457,olx|mea|za|362|416|4274,Vehicles,Trucks & Commercial Vehicles
458,olx|mea|za|362|416|4275,Vehicles,Trucks & Commercial Vehicles
459,olx|mea|za|362|416|4276,Vehicles,Trucks & Commercial Vehicles
460,olx|mea|za|362|416|4277,Vehicles,Trucks & Commercial Vehicles
461,olx|mea|za|362|416|4278,Vehicles,Trucks & Commercial Vehicles
462,olx|mea|za|362|416|4279,Vehicles,Trucks & Commercial Vehicles
463,olx|mea|za|362|416|4280,Vehicles,Trucks & Commercial Vehicles
464,olx|mea|za|362|416|4281,Vehicles,Trucks & Commercial Vehicles
465,olx|mea|za|362|416|4282,Vehicles,Trucks & Commercial Vehicles
466,olx|mea|za|362|416|4283,Vehicles,Trucks & Commercial Vehicles
467,olx|mea|za|362|416|4284,Vehicles,Trucks & Commercial Vehicles
468,olx|mea|za|362|416|4285,Vehicles,Trucks & Commercial Vehicles
469,olx|mea|za|362|416|4286,Vehicles,Trucks & Commercial Vehicles
470,olx|mea|za|362|416|4287,Vehicles,Trucks & Commercial Vehicles
471,olx|mea|za|362|416|4288,Vehicles,Trucks & Commercial Vehicles
472,olx|mea|za|362|416|4289,Vehicles,Trucks & Commercial Vehicles
473,olx|mea|za|362|416|4290,Vehicles,Trucks & Commercial Vehicles
474,olx|mea|za|362|416|4291,Vehicles,Trucks & Commercial Vehicles
475,olx|mea|za|362|416|4292,Vehicles,Trucks & Commercial Vehicles
476,olx|mea|za|362|416|4293,Vehicles,Trucks & Commercial Vehicles
477,olx|mea|za|362|416|4294,Vehicles,Trucks & Commercial Vehicles
478,olx|mea|za|362|416|4295,Vehicles,Trucks & Commercial Vehicles
479,olx|mea|za|362|416|4296,Vehicles,Trucks & Commercial Vehicles
480,olx|mea|za|362|416|4297,Vehicles,Trucks & Commercial Vehicles
481,olx|mea|za|362|416|4298,Vehicles,Trucks & Commercial Vehicles
482,olx|mea|za|362|416|4299,Vehicles,Trucks & Commercial Vehicles
483,olx|mea|za|362|416|4300,Vehicles,Trucks & Commercial Vehicles
484,olx|mea|za|362|416|4301,Vehicles,Trucks & Commercial Vehicles
485,olx|mea|za|362|416|4302,Vehicles,Trucks & Commercial Vehicles
486,olx|mea|za|362|417,Vehicles,Caravans & Trailers
487,olx|mea|za|362|417|5001,Vehicles,Caravans & Trailers
488,olx|mea|za|362|417|5002,Vehicles,Caravans & Trailers
489,olx|mea|za|362|417|5003,Vehicles,Caravans & Trailers
490,olx|mea|za|362|417|5004,Vehicles,Caravans & Trailers
491,olx|mea|za|362|417|5005,Vehicles,Caravans & Trailers
492,olx|mea|za|362|417|5006,Vehicles,Caravans & Trailers
493,olx|mea|za|362|417|5007,Vehicles,Caravans & Trailers
494,olx|mea|za|362|417|5008,Vehicles,Caravans & Trailers
495,olx|mea|za|362|417|5009,Vehicles,Caravans & Trailers
496,olx|mea|za|362|417|5010,Vehicles,Caravans & Trailers
497,olx|mea|za|362|417|5011,Vehicles,Caravans & Trailers
498,olx|mea|za|362|417|5012,Vehicles,Caravans & Trailers
499,olx|mea|za|362|417|5013,Vehicles,Caravans & Trailers
500,olx|mea|za|362|417|5014,Vehicles,Caravans & Trailers
501,olx|mea|za|362|417|5015,Vehicles,Caravans & Trailers
502,olx|mea|za|362|417|5016,Vehicles,Caravans & Trailers
503,olx|mea|za|362|417|5017,Vehicles,Caravans & Trailers
504,olx|mea|za|362|417|5018,Vehicles,Caravans & Trailers
505,olx|mea|za|362|417|5019,Vehicles,Caravans & Trailers
506,olx|mea|za|362|417|5020,Vehicles,Caravans & Trailers
507,olx|mea|za|362|417|5021,Vehicles,Caravans & Trailers
508,olx|mea|za|362|417|5022,Vehicles,Caravans & Trailers
509,olx|mea|za|362|417|5023,Vehicles,Caravans & Trailers
510,olx|mea|za|362|417|5024,Vehicles,Caravans & Trailers
511,olx|mea|za|362|417|5025,Vehicles,Caravans & Trailers
512,olx|mea|za|362|417|5026,Vehicles,Caravans & Trailers
513,olx|mea|za|362|417|5027,Vehicles,Caravans & Trailers
514,olx|mea|za|362|417|5028,Vehicles,Caravans & Trailers
515,olx|mea|za|362|417|5029,Vehicles,Caravans & Trailers
516,olx|mea|za|362|417|5030,Vehicles,Caravans & Trailers
517,olx|mea|za|362|417|5031,Vehicles,Caravans & Trailers
518,olx|mea|za|362|417|5032,Vehicles,Caravans & Trailers
519,olx|mea|za|362|417|5033,Vehicles,Caravans & Trailers
520,olx|mea|za|362|417|5034,Vehicles,Caravans & Trailers
521,olx|mea|za|362|417|5035,Vehicles,Caravans & Trailers
522,olx|mea|za|362|417|5036,Vehicles,Caravans & Trailers
523,olx|mea|za|362|417|5037,Vehicles,Caravans & Trailers
524,olx|mea|za|362|417|5038,Vehicles,Caravans & Trailers
525,olx|mea|za|362|417|5039,Vehicles,Caravans & Trailers
526,olx|mea|za|362|417|5040,Vehicles,Caravans & Trailers
527,olx|mea|za|362|417|5041,Vehicles,Caravans & Trailers
528,olx|mea|za|362|417|5042,Vehicles,Caravans & Trailers
529,olx|mea|za|362|417|5043,Vehicles,Caravans & Trailers
530,olx|mea|za|362|417|5044,Vehicles,Caravans & Trailers
531,olx|mea|za|362|417|5045,Vehicles,Caravans & Trailers
532,olx|mea|za|362|417|5046,Vehicles,Caravans & Trailers
533,olx|mea|za|362|417|5047,Vehicles,Caravans & Trailers
534,olx|mea|za|362|417|5048,Vehicles,Caravans & Trailers
535,olx|mea|za|362|417|5049,Vehicles,Caravans & Trailers
536,olx|mea|za|362|417|5050,Vehicles,Caravans & Trailers
537,olx|mea|za|362|417|5051,Vehicles,Caravans & Trailers
538,olx|mea|za|362|417|5052,Vehicles,Caravans & Trailers
539,olx|mea|za|362|417|5053,Vehicles,Caravans & Trailers
540,olx|mea|za|362|417|5054,Vehicles,Caravans & Trailers
541,olx|mea|za|362|417|5055,Vehicles,Caravans & Trailers
542,olx|mea|za|362|417|5056,Vehicles,Caravans & Trailers
543,olx|mea|za|362|417|5057,Vehicles,Caravans & Trailers
544,olx|mea|za|362|417|5058,Vehicles,Caravans & Trailers
545,olx|mea|za|362|417|5059,Vehicles,Caravans & Trailers
546,olx|mea|za|362|417|5060,Vehicles,Caravans & Trailers
547,olx|mea|za|362|417|5061,Vehicles,Caravans & Trailers
548,olx|mea|za|362|417|5062,Vehicles,Caravans & Trailers
549,olx|mea|za|362|417|5063,Vehicles,Caravans & Trailers
550,olx|mea|za|362|417|5064,Vehicles,Caravans & Trailers
551,olx|mea|za|362|417|5065,Vehicles,Caravans & Trailers
552,olx|mea|za|362|417|5066,Vehicles,Caravans & Trailers
553,olx|mea|za|362|417|5067,Vehicles,Caravans & Trailers
554,olx|mea|za|362|417|5068,Vehicles,Caravans & Trailers
555,olx|mea|za|362|417|5069,Vehicles,Caravans & Trailers
556,olx|mea|za|362|417|5070,Vehicles,Caravans & Trailers
557,olx|mea|za|362|417|5071,Vehicles,Caravans & Trailers
558,olx|mea|za|362|417|5072,Vehicles,Caravans & Trailers
559,olx|mea|za|362|417|5073,Vehicles,Caravans & Trailers
560,olx|mea|za|362|417|5074,Vehicles,Caravans & Trailers
561,olx|mea|za|362|417|5075,Vehicles,Caravans & Trailers
562,olx|mea|za|362|417|5076,Vehicles,Caravans & Trailers
563,olx|mea|za|362|417|5077,Vehicles,Caravans & Trailers
564,olx|mea|za|362|417|5078,Vehicles,Caravans & Trailers
565,olx|mea|za|362|417|5079,Vehicles,Caravans & Trailers
566,olx|mea|za|362|417|5080,Vehicles,Caravans & Trailers
567,olx|mea|za|362|417|5081,Vehicles,Caravans & Trailers
568,olx|mea|za|362|417|5082,Vehicles,Caravans & Trailers
569,olx|mea|za|362|417|5083,Vehicles,Caravans & Trailers
570,olx|mea|za|362|417|5084,Vehicles,Caravans & Trailers
571,olx|mea|za|362|417|5085,Vehicles,Caravans & Trailers
572,olx|mea|za|362|417|5086,Vehicles,Caravans & Trailers
573,olx|mea|za|362|417|5087,Vehicles,Caravans & Trailers
574,olx|mea|za|362|417|5088,Vehicles,Caravans & Trailers
575,olx|mea|za|362|417|5089,Vehicles,Caravans & Trailers
576,olx|mea|za|362|417|5090,Vehicles,Caravans & Trailers
577,olx|mea|za|362|417|5091,Vehicles,Caravans & Trailers
578,olx|mea|za|362|417|5092,Vehicles,Caravans & Trailers
579,olx|mea|za|362|417|5093,Vehicles,Caravans & Trailers
580,olx|mea|za|362|417|5094,Vehicles,Caravans & Trailers
581,olx|mea|za|362|417|5095,Vehicles,Caravans & Trailers
582,olx|mea|za|362|417|5096,Vehicles,Caravans & Trailers
583,olx|mea|za|362|417|5097,Vehicles,Caravans & Trailers
584,olx|mea|za|362|417|5098,Vehicles,Caravans & Trailers
585,olx|mea|za|362|417|5099,Vehicles,Caravans & Trailers
586,olx|mea|za|362|417|5100,Vehicles,Caravans & Trailers
587,olx|mea|za|362|417|5101,Vehicles,Caravans & Trailers
588,olx|mea|za|362|417|5102,Vehicles,Caravans & Trailers
589,olx|mea|za|362|417|5103,Vehicles,Caravans & Trailers
590,olx|mea|za|362|417|5104,Vehicles,Caravans & Trailers
591,olx|mea|za|362|417|5105,Vehicles,Caravans & Trailers
592,olx|mea|za|362|417|5106,Vehicles,Caravans & Trailers
593,olx|mea|za|362|417|5107,Vehicles,Caravans & Trailers
594,olx|mea|za|362|417|5108,Vehicles,Caravans & Trailers
595,olx|mea|za|362|417|5109,Vehicles,Caravans & Trailers
596,olx|mea|za|362|417|5110,Vehicles,Caravans & Trailers
597,olx|mea|za|362|417|5111,Vehicles,Caravans & Trailers
598,olx|mea|za|362|417|5112,Vehicles,Caravans & Trailers
599,olx|mea|za|362|417|5113,Vehicles,Caravans & Trailers
600,olx|mea|za|362|417|5114,Vehicles,Caravans & Trailers
601,olx|mea|za|362|417|5115,Vehicles,Caravans & Trailers
602,olx|mea|za|362|417|5116,Vehicles,Caravans & Trailers
603,olx|mea|za|362|417|5117,Vehicles,Caravans & Trailers
604,olx|mea|za|362|417|5118,Vehicles,Caravans & Trailers
605,olx|mea|za|362|417|5119,Vehicles,Caravans & Trailers
606,olx|mea|za|362|417|5120,Vehicles,Caravans & Trailers
607,olx|mea|za|362|417|5121,Vehicles,Caravans & Trailers
608,olx|mea|za|362|417|5122,Vehicles,Caravans & Trailers
609,olx|mea|za|362|417|5123,Vehicles,Caravans & Trailers
610,olx|mea|za|362|417|5124,Vehicles,Caravans & Trailers
611,olx|mea|za|362|417|5125,Vehicles,Caravans & Trailers
612,olx|mea|za|362|417|5126,Vehicles,Caravans & Trailers
613,olx|mea|za|362|417|5127,Vehicles,Caravans & Trailers
614,olx|mea|za|362|417|5128,Vehicles,Caravans & Trailers
615,olx|mea|za|362|417|5129,Vehicles,Caravans & Trailers
616,olx|mea|za|362|417|5130,Vehicles,Caravans & Trailers
617,olx|mea|za|362|417|5131,Vehicles,Caravans & Trailers
618,olx|mea|za|362|417|5132,Vehicles,Caravans & Trailers
619,olx|mea|za|362|417|5133,Vehicles,Caravans & Trailers
620,olx|mea|za|362|417|5134,Vehicles,Caravans & Trailers
621,olx|mea|za|362|417|5135,Vehicles,Caravans & Trailers
622,olx|mea|za|362|417|5136,Vehicles,Caravans & Trailers
623,olx|mea|za|362|417|5137,Vehicles,Caravans & Trailers
624,olx|mea|za|362|417|5138,Vehicles,Caravans & Trailers
625,olx|mea|za|362|417|5139,Vehicles,Caravans & Trailers
626,olx|mea|za|362|417|5140,Vehicles,Caravans & Trailers
627,olx|mea|za|362|417|5141,Vehicles,Caravans & Trailers
628,olx|mea|za|362|417|5142,Vehicles,Caravans & Trailers
629,olx|mea|za|362|417|5143,Vehicles,Caravans & Trailers
630,olx|mea|za|362|417|5144,Vehicles,Caravans & Trailers
631,olx|mea|za|362|417|5145,Vehicles,Caravans & Trailers
632,olx|mea|za|362|417|5146,Vehicles,Caravans & Trailers
633,olx|mea|za|362|417|5147,Vehicles,Caravans & Trailers
634,olx|mea|za|362|417|5148,Vehicles,Caravans & Trailers
635,olx|mea|za|362|417|5149,Vehicles,Caravans & Trailers
636,olx|mea|za|362|417|5150,Vehicles,Caravans & Trailers
637,olx|mea|za|362|417|5151,Vehicles,Caravans & Trailers
638,olx|mea|za|362|417|5152,Vehicles,Caravans & Trailers
639,olx|mea|za|362|417|5153,Vehicles,Caravans & Trailers
640,olx|mea|za|362|417|5154,Vehicles,Caravans & Trailers
641,olx|mea|za|362|417|5155,Vehicles,Caravans & Trailers
642,olx|mea|za|362|417|5156,Vehicles,Caravans & Trailers
643,olx|mea|za|362|417|5157,Vehicles,Caravans & Trailers
644,olx|mea|za|362|417|5158,Vehicles,Caravans & Trailers
645,olx|mea|za|362|417|5159,Vehicles,Caravans & Trailers
646,olx|mea|za|362|417|5160,Vehicles,Caravans & Trailers
647,olx|mea|za|362|417|5161,Vehicles,Caravans & Trailers
648,olx|mea|za|362|417|5162,Vehicles,Caravans & Trailers
649,olx|mea|za|362|417|5163,Vehicles,Caravans & Trailers
650,olx|mea|za|362|417|5164,Vehicles,Caravans & Trailers
651,olx|mea|za|362|417|5165,Vehicles,Caravans & Trailers
652,olx|mea|za|362|417|5166,Vehicles,Caravans & Trailers
653,olx|mea|za|362|417|5167,Vehicles,Caravans & Trailers
654,olx|mea|za|362|417|5168,Vehicles,Caravans & Trailers
655,olx|mea|za|362|417|5169,Vehicles,Caravans & Trailers
656,olx|mea|za|5170,Office & Business,Unknown
657,olx|mea|za|5170|5171,Office & Business,Businesses for Sale
658,olx|mea|za|5170|5172,Office & Business,Office Furniture & Equipment
659,olx|mea|za|5170|5173,Office & Business,Shop & Catering Equipment
660,olx|mea|za|5170|5174,Office & Business,Inventory & Stock
661,olx|mea|za|600,Farming & Industrial,Unknown
662,olx|mea|za|600|602,Farming & Industrial,Farming Equipment & Vehicles
663,olx|mea|za|600|603,Farming & Industrial,"Feeds, Supplements & Seeds"
664,olx|mea|za|600|604,Farming & Industrial,Livestock
665,olx|mea|za|600|887,Farming & Industrial,Business & Industrial Equipment
666,olx|mea|za|800,Electronics & Computers,Unknown
667,olx|mea|za|800|801,Electronics & Computers,Cell Phones
668,olx|mea|za|800|802,Electronics & Computers,Gaming & Consoles
669,olx|mea|za|800|803,Electronics & Computers,Computers & Laptops
670,olx|mea|za|800|804,Electronics & Computers,Cameras
671,olx|mea|za|800|805,Electronics & Computers,"TV, Audio & Visual"
672,olx|mea|za|800|870,Electronics & Computers,iPads & Tablets
673,olx|mea|za|800|912,Electronics & Computers,Computer Hardware & Accessories
674,olx|mea|za|806,"Home, Garden & Tools",Unknown
675,olx|mea|za|806|807,"Home, Garden & Tools",Furniture & Decor
676,olx|mea|za|806|808,"Home, Garden & Tools",Homeware & Appliances
677,olx|mea|za|806|809,"Home, Garden & Tools",Garden & Braai
678,olx|mea|za|806|910,"Home, Garden & Tools",Tools & DIY
679,olx|mea|za|811,Pets,Unknown
680,olx|mea|za|811|812,Pets,Dogs & Cats
681,olx|mea|za|811|813,Pets,Other pets
682,olx|mea|za|811|814,Pets,Pet Care & Accessories
683,olx|mea|za|815,Fashion & Beauty,Unknown
684,olx|mea|za|815|816,Fashion & Beauty,"Health, Beauty & Cosmetics"
685,olx|mea|za|815|817,Fashion & Beauty,Clothing & Shoes
686,olx|mea|za|815|819,Fashion & Beauty,Jewellery & Accessories
687,olx|mea|za|821,Jobs,Unknown
688,olx|mea|za|821|822,Jobs,Job Opportunities
689,olx|mea|za|821|823,Jobs,CVs & Resumes
690,olx|mea|za|853,Kids & Baby,Unknown
691,olx|mea|za|853|855,Kids & Baby,Toddler's Clothing & Accessories
692,olx|mea|za|853|856,Kids & Baby,"Prams, Cots & Equipment"
693,olx|mea|za|881,Sports & Outdoors,Unknown
694,olx|mea|za|881|882,Sports & Outdoors,Bicycles
695,olx|mea|za|881|883,Sports & Outdoors,Gym & Fitness
696,olx|mea|za|881|899,Sports & Outdoors,Outdoor & Sports Equipment
